{"loss":[2.091862452279658,1.7038553628666522,1.793500591064182,1.4823310666543104,1.27010861054726,1.5330358476523163,1.4740983899894897,1.398280733601193,1.154424342893122,1.41409655868018],"accuracy":[0.26225,0.46935,0.5911666666666666,0.6800666666666667,0.7683666666666666,0.7691833333333333,0.7670166666666667,0.7658833333333334,0.7665,0.7667333333333334],"epochs":10}